ID,Target
ID_UrUGR0,0
ID_3ZmbBi,0
ID_tPmH4c,0
ID_rUfFQH,0
ID_RrthDZ,0
ID_ZMoalg,0
ID_l6LMbx,0
ID_8e5Osc,0
ID_bEcI8d,0
ID_yfKMkV,0
ID_RZwXk4,0
ID_eSp9bR,0
ID_tP4U2N,0
ID_MMLS6d,0
ID_mTuvOD,0
ID_zXWLuI,0
ID_LshImZ,0
ID_4J7ff4,0
ID_Rl9pqT,0
ID_mL9z4j,0
ID_kQTq4i,0
ID_TkskTE,0
ID_laSUT7,0
ID_WJiIYM,0
ID_qLQisD,0
ID_u0o6hB,0
ID_qkzppm,0
ID_NLATCf,0
ID_WjRhjI,0
ID_n75DTV,0
ID_kbeqKa,0
ID_PrpT99,0
ID_iBw9N5,0
ID_PGMLyW,0
ID_89UVCi,0
ID_P8sOc0,0
ID_eVxyhg,0
ID_CpPEjw,0
ID_lTjJlX,0
ID_6Clzrw,0
ID_fR1sRz,0
ID_2cXiDn,0
ID_qo8YT2,0
ID_SEPeBL,0
ID_oTKXSn,0
ID_50YcSp,0
ID_BudjXW,0
ID_5lMo19,0
ID_haFCdX,0
ID_J9vOq7,0
ID_121DoP,0
ID_IRR7VS,0
ID_IFp5X3,0
ID_nMICMP,0
ID_CEoYAT,0
ID_EDbMCX,0
ID_z8o4ha,0
ID_OU9lHM,0
ID_8lwJ3j,0
ID_RgLMB9,0
ID_lSsTdf,0
ID_Ay81z8,0
ID_tIBE39,0
ID_oODgm1,0
ID_2flJWO,0
ID_G4923E,0
ID_OsUykn,0
ID_NARxYa,0
ID_PK4V53,0
ID_u47p1D,0
ID_BWEbUG,0
ID_qycKqZ,0
ID_fH5wgX,0
ID_imGYbN,0
ID_MRUo9F,0
ID_bYGGST,0
ID_Cmhkqg,0
ID_RHs1te,0
ID_BpavVk,0
ID_zv0OFT,0
ID_8Wr0Rc,0
ID_LEi624,0
ID_ERXODj,0
ID_QRSZSH,0
ID_cuwblO,0
ID_ZWMbzm,0
ID_sOFiD5,0
ID_tLVdBK,0
ID_Ce2c6P,0
ID_4kThxn,0
ID_6Ov7iN,0
ID_eThtV0,0
ID_k2ZJ18,0
ID_kX2ow6,0
ID_qXg3Ld,0
ID_2M4FHE,0
ID_eCoXIo,0
ID_ZlaHHB,0
ID_c745rN,0
ID_fmIxNQ,0
ID_uyr8tc,0
ID_GwE7I7,0
ID_Lv2amT,0
ID_HQBEEJ,0
ID_S0KlA2,0
ID_55jaJc,0
ID_JfxfrY,0
ID_nzddIS,0
ID_v2KkUL,0
ID_BpuGxN,0
ID_Tn2lXU,0
ID_Wd8P0h,0
ID_kGeiDj,0
ID_UpMEQw,0
ID_D5OzlR,0
ID_FO0QCd,0
ID_iom2b2,0
ID_iJBBUJ,0
ID_K8lAGV,0
ID_4cptSE,0
ID_PfHItO,0
ID_Zyvdf0,0
ID_kIInX3,0
ID_qXjmvM,0
ID_edVLBJ,0
ID_sRk49e,0
ID_LJwtBr,0
ID_eN2cWo,0
ID_BuBhni,0
ID_eARDES,0
ID_hpN59v,0
ID_mq9b27,0
ID_R9e1qW,0
ID_N1gYWe,0
ID_v7TeKx,0
ID_9TyGQC,0
ID_aDFwlL,0
ID_GWCxhs,0
ID_2988Ru,0
ID_orICfz,0
ID_KXed2W,0
ID_J1XpXA,0
ID_P2xV7c,0
ID_hwtLw4,0
ID_m1zUs0,0
ID_BUYojA,0
ID_IkVj3f,0
ID_ekVA1X,0
ID_atRBpm,0
ID_oS0D36,0
ID_lTrObc,0
ID_mTg68n,0
ID_aYLMMG,0
ID_ld4rFC,0
ID_qZqXo1,0
ID_RybZja,0
ID_9ZVmPo,0
ID_XExOFp,0
ID_78aedM,0
ID_Ack6aI,0
ID_0MZd85,0
ID_GvmgwY,0
ID_vV3JXN,0
ID_z7cOrn,0
ID_EMOXIY,0
ID_QfRZXo,0
ID_OAfcaJ,0
ID_OjHimC,0
ID_aKvUNI,0
ID_Jj77dn,0
ID_UEYOf3,0
ID_GOUmvi,0
ID_5nzBMg,0
ID_nv5Fgz,0
ID_XfTcVl,0
ID_6vo37d,0
ID_D0oeAK,0
ID_v4zHul,0
ID_hiDXRH,0
ID_xrNHDz,0
ID_KWV7kU,0
ID_22Zm7d,0
ID_msewF2,0
ID_PrrNjv,0
ID_jw41iP,0
ID_3WRBfP,0
ID_Tzxqqn,0
ID_mIKWpF,0
ID_qoYVWa,0
ID_4iCocp,0
ID_MSHzi9,0
ID_jpJ8Nn,0
ID_r3FyhM,0
ID_4VoU7k,0
ID_Yv0DPl,0
ID_5iXTwB,0
ID_pWTYdT,0
ID_aEfjaL,0
ID_sGBF6W,0
ID_Mw9GnE,0
ID_ppv0rt,0
ID_4ahgoC,0
ID_79FLcy,0
ID_0NbEqd,0
ID_yVEKhK,0
ID_wxN5AQ,0
ID_egycV0,0
ID_3ebngW,0
ID_UxLSJ7,0
ID_vOOuIm,0
ID_8Ozhp0,0
ID_iPSDhd,0
ID_3Cq6v9,0
ID_5Yqtta,0
ID_95Qx7l,0
ID_wRDaCG,0
ID_eTk4SG,0
ID_kIs2Uo,0
ID_qgCgMU,0
ID_rS6tyV,0
ID_2OysuO,0
ID_Q9xgFx,0
ID_cQrmDc,0
ID_ln29Fo,0
ID_N1D1QP,0
ID_tGcPgJ,0
ID_CPIbi6,0
ID_Hoad0O,0
ID_R2Kiqq,0
ID_34Vg65,0
ID_vhBG3I,0
ID_Y7fcwA,0
ID_fIczci,0
ID_P0sEif,0
ID_PriaG5,0
ID_6QUUDS,0
ID_Ja6NCz,0
ID_reIDnZ,0
ID_GoIoqm,0
ID_tEotVY,0
ID_qkfbhl,0
ID_GbaRz4,0
ID_15h9wu,0
ID_RTvEKL,0
ID_AuVlnt,0
ID_8IIxg7,0
ID_k001wc,0
ID_Py4W5y,0
ID_OcwvQ5,0
ID_yYsvt7,0
ID_wtPD9A,0
ID_XeUllB,0
ID_S4pmd6,0
ID_qYWnss,0
ID_p15pkH,0
ID_snrzQH,0
ID_4F1FUt,0
ID_ETfiJL,0
ID_pqOoR5,0
ID_lkKNdc,0
ID_iVkAoN,0
ID_eXHj4o,0
ID_ZXrMSw,0
ID_fOFLVc,0
ID_MTj6oU,0
ID_CikmCq,0
ID_qQXRYo,0
ID_oiseum,0
ID_rydr7A,0
ID_YLFX36,0
ID_9pXSba,0
ID_Fe1O8N,0
ID_56Czar,0
ID_NeuEhh,0
ID_QZozGi,0
ID_kPsqUU,0
ID_umYMjm,0
ID_uftsbC,0
ID_EaaSu0,0
ID_th8V1r,0
ID_oqPUhU,0
ID_4WZpyJ,0
